Tip Matrice,Tip alocare,Nr threads,Timp executie
,,0,0.29786
,,2,1.62144
,,0,3145.701
,,2,5505.001
,,4,7412.802
,,8,9396.743
,,16,9683.15
